Kod stanowiska,Data,Wartość,id_stacji
DsCzerStraza-NO-1g,2026-06-01 19:00:00,0.5,49
DsCzerStraza-NO-1g,2026-06-01 18:00:00,0.5,49
DsCzerStraza-NO-1g,2026-06-01 17:00:00,0.4,49
DsCzerStraza-NO-1g,2026-06-01 16:00:00,0.4,49
DsCzerStraza-NO-1g,2026-06-01 15:00:00,0.5,49
DsCzerStraza-NO-1g,2026-06-01 14:00:00,0.5,49
DsCzerStraza-NO-1g,2026-06-01 13:00:00,0.1,49
DsCzerStraza-NO-1g,2026-06-01 12:00:00,0.5,49
DsCzerStraza-NO-1g,2026-06-01 11:00:00,0.6,49
DsCzerStraza-NO-1g,2026-06-01 10:00:00,0.7,49
DsCzerStraza-NO-1g,2026-06-01 09:00:00,0.6,49
DsCzerStraza-NO-1g,2026-06-01 08:00:00,0.7,49
DsCzerStraza-NO-1g,2026-06-01 07:00:00,0.4,49
DsCzerStraza-NO-1g,2026-06-01 06:00:00,0.4,49
DsCzerStraza-NO-1g,2026-06-01 05:00:00,0.4,49
DsCzerStraza-NO-1g,2026-06-01 04:00:00,0.4,49
DsCzerStraza-NO-1g,2026-06-01 03:00:00,0.2,49
DsCzerStraza-NO-1g,2026-06-01 02:00:00,0.2,49
DsCzerStraza-NO-1g,2026-06-01 01:00:00,,49
DsCzerStraza-NO-1g,2026-06-01 00:00:00,0.2,49
DsCzerStraza-NO2-1g,2026-06-01 19:00:00,2.0,50
DsCzerStraza-NO2-1g,2026-06-01 18:00:00,1.9,50
DsCzerStraza-NO2-1g,2026-06-01 17:00:00,2.2,50
DsCzerStraza-NO2-1g,2026-06-01 16:00:00,1.9,50
DsCzerStraza-NO2-1g,2026-06-01 15:00:00,2.2,50
DsCzerStraza-NO2-1g,2026-06-01 14:00:00,2.4,50
DsCzerStraza-NO2-1g,2026-06-01 13:00:00,1.8,50
DsCzerStraza-NO2-1g,2026-06-01 12:00:00,1.5,50
DsCzerStraza-NO2-1g,2026-06-01 11:00:00,1.5,50
DsCzerStraza-NO2-1g,2026-06-01 10:00:00,2.8,50
DsCzerStraza-NO2-1g,2026-06-01 09:00:00,3.8,50
DsCzerStraza-NO2-1g,2026-06-01 08:00:00,3.9,50
DsCzerStraza-NO2-1g,2026-06-01 07:00:00,3.8,50
DsCzerStraza-NO2-1g,2026-06-01 06:00:00,1.6,50
DsCzerStraza-NO2-1g,2026-06-01 05:00:00,2.2,50
DsCzerStraza-NO2-1g,2026-06-01 04:00:00,6.0,50
DsCzerStraza-NO2-1g,2026-06-01 03:00:00,2.0,50
DsCzerStraza-NO2-1g,2026-06-01 02:00:00,2.4,50
DsCzerStraza-NO2-1g,2026-06-01 01:00:00,,50
DsCzerStraza-NO2-1g,2026-06-01 00:00:00,2.1,50
DsCzerStraza-NOx-1g,2026-06-01 19:00:00,2.8,51
DsCzerStraza-NOx-1g,2026-06-01 18:00:00,2.7,51
DsCzerStraza-NOx-1g,2026-06-01 17:00:00,2.8,51
DsCzerStraza-NOx-1g,2026-06-01 16:00:00,2.4,51
DsCzerStraza-NOx-1g,2026-06-01 15:00:00,3.0,51
DsCzerStraza-NOx-1g,2026-06-01 14:00:00,3.1,51
DsCzerStraza-NOx-1g,2026-06-01 13:00:00,1.9,51
DsCzerStraza-NOx-1g,2026-06-01 12:00:00,2.3,51
DsCzerStraza-NOx-1g,2026-06-01 11:00:00,2.5,51
DsCzerStraza-NOx-1g,2026-06-01 10:00:00,3.9,51
DsCzerStraza-NOx-1g,2026-06-01 09:00:00,4.7,51
DsCzerStraza-NOx-1g,2026-06-01 08:00:00,5.0,51
DsCzerStraza-NOx-1g,2026-06-01 07:00:00,4.5,51
DsCzerStraza-NOx-1g,2026-06-01 06:00:00,2.2,51
DsCzerStraza-NOx-1g,2026-06-01 05:00:00,2.8,51
DsCzerStraza-NOx-1g,2026-06-01 04:00:00,6.6,51
DsCzerStraza-NOx-1g,2026-06-01 03:00:00,2.3,51
DsCzerStraza-NOx-1g,2026-06-01 02:00:00,2.7,51
DsCzerStraza-NOx-1g,2026-06-01 01:00:00,,51
DsCzerStraza-NOx-1g,2026-06-01 00:00:00,2.4,51
DsCzerStraza-O3-1g,2026-06-01 19:00:00,87.6,52
DsCzerStraza-O3-1g,2026-06-01 18:00:00,88.3,52
DsCzerStraza-O3-1g,2026-06-01 17:00:00,88.2,52
DsCzerStraza-O3-1g,2026-06-01 16:00:00,84.6,52
DsCzerStraza-O3-1g,2026-06-01 15:00:00,87.8,52
DsCzerStraza-O3-1g,2026-06-01 14:00:00,88.4,52
DsCzerStraza-O3-1g,2026-06-01 13:00:00,81.3,52
DsCzerStraza-O3-1g,2026-06-01 12:00:00,75.9,52
DsCzerStraza-O3-1g,2026-06-01 11:00:00,66.8,52
DsCzerStraza-O3-1g,2026-06-01 10:00:00,60.5,52
DsCzerStraza-O3-1g,2026-06-01 09:00:00,60.0,52
DsCzerStraza-O3-1g,2026-06-01 08:00:00,72.6,52
DsCzerStraza-O3-1g,2026-06-01 07:00:00,79.9,52
DsCzerStraza-O3-1g,2026-06-01 06:00:00,83.6,52
DsCzerStraza-O3-1g,2026-06-01 05:00:00,78.3,52
DsCzerStraza-O3-1g,2026-06-01 04:00:00,79.7,52
DsCzerStraza-O3-1g,2026-06-01 03:00:00,97.1,52
DsCzerStraza-O3-1g,2026-06-01 02:00:00,,52
DsCzerStraza-O3-1g,2026-06-01 01:00:00,80.3,52
DsCzerStraza-O3-1g,2026-06-01 00:00:00,93.5,52
DsCzerStraza-PM10-1g,2026-06-01 19:00:00,,54
DsCzerStraza-PM10-1g,2026-06-01 18:00:00,15.8,54
DsCzerStraza-PM10-1g,2026-06-01 17:00:00,17.1,54
DsCzerStraza-PM10-1g,2026-06-01 16:00:00,14.6,54
DsCzerStraza-PM10-1g,2026-06-01 15:00:00,16.5,54
DsCzerStraza-PM10-1g,2026-06-01 14:00:00,22.1,54
DsCzerStraza-PM10-1g,2026-06-01 13:00:00,19.6,54
DsCzerStraza-PM10-1g,2026-06-01 12:00:00,23.2,54
DsCzerStraza-PM10-1g,2026-06-01 11:00:00,24.0,54
DsCzerStraza-PM10-1g,2026-06-01 10:00:00,22.2,54
DsCzerStraza-PM10-1g,2026-06-01 09:00:00,18.7,54
DsCzerStraza-PM10-1g,2026-06-01 08:00:00,9.9,54
DsCzerStraza-PM10-1g,2026-06-01 07:00:00,13.4,54
DsCzerStraza-PM10-1g,2026-06-01 06:00:00,11.3,54
DsCzerStraza-PM10-1g,2026-06-01 05:00:00,7.2,54
DsCzerStraza-PM10-1g,2026-06-01 04:00:00,5.0,54
DsCzerStraza-PM10-1g,2026-06-01 03:00:00,6.4,54
DsCzerStraza-PM10-1g,2026-06-01 02:00:00,7.3,54
DsCzerStraza-PM10-1g,2026-06-01 01:00:00,10.3,54
DsCzerStraza-PM10-1g,2026-06-01 00:00:00,11.4,54
DsDziePilsud-PM10-1g,2026-06-01 19:00:00,,101
DsDziePilsud-PM10-1g,2026-06-01 18:00:00,14.7,101
DsDziePilsud-PM10-1g,2026-06-01 17:00:00,19.4,101
DsDziePilsud-PM10-1g,2026-06-01 16:00:00,16.8,101
DsDziePilsud-PM10-1g,2026-06-01 15:00:00,21.5,101
DsDziePilsud-PM10-1g,2026-06-01 14:00:00,20.8,101
DsDziePilsud-PM10-1g,2026-06-01 13:00:00,17.8,101
DsDziePilsud-PM10-1g,2026-06-01 12:00:00,17.3,101
DsDziePilsud-PM10-1g,2026-06-01 11:00:00,12.6,101
DsDziePilsud-PM10-1g,2026-06-01 10:00:00,14.9,101
DsDziePilsud-PM10-1g,2026-06-01 09:00:00,16.2,101
DsDziePilsud-PM10-1g,2026-06-01 08:00:00,12.0,101
DsDziePilsud-PM10-1g,2026-06-01 07:00:00,14.0,101
DsDziePilsud-PM10-1g,2026-06-01 06:00:00,12.5,101
DsDziePilsud-PM10-1g,2026-06-01 05:00:00,11.9,101
DsDziePilsud-PM10-1g,2026-06-01 04:00:00,12.4,101
DsDziePilsud-PM10-1g,2026-06-01 03:00:00,11.8,101
DsDziePilsud-PM10-1g,2026-06-01 02:00:00,12.3,101
DsDziePilsud-PM10-1g,2026-06-01 01:00:00,16.8,101
DsDziePilsud-PM10-1g,2026-06-01 00:00:00,10.6,101
DsKlodzSzkol-NO-1g,2026-06-01 19:00:00,0.8,220
DsKlodzSzkol-NO-1g,2026-06-01 18:00:00,0.9,220
DsKlodzSzkol-NO-1g,2026-06-01 17:00:00,0.9,220
DsKlodzSzkol-NO-1g,2026-06-01 16:00:00,1.0,220
DsKlodzSzkol-NO-1g,2026-06-01 15:00:00,0.8,220
DsKlodzSzkol-NO-1g,2026-06-01 14:00:00,4.4,220
DsKlodzSzkol-NO-1g,2026-06-01 13:00:00,1.6,220
DsKlodzSzkol-NO-1g,2026-06-01 12:00:00,2.6,220
DsKlodzSzkol-NO-1g,2026-06-01 11:00:00,2.4,220
DsKlodzSzkol-NO-1g,2026-06-01 10:00:00,2.9,220
DsKlodzSzkol-NO-1g,2026-06-01 09:00:00,2.8,220
DsKlodzSzkol-NO-1g,2026-06-01 08:00:00,1.8,220
DsKlodzSzkol-NO-1g,2026-06-01 07:00:00,1.2,220
DsKlodzSzkol-NO-1g,2026-06-01 06:00:00,1.0,220
DsKlodzSzkol-NO-1g,2026-06-01 05:00:00,0.8,220
DsKlodzSzkol-NO-1g,2026-06-01 04:00:00,0.7,220
DsKlodzSzkol-NO-1g,2026-06-01 03:00:00,0.6,220
DsKlodzSzkol-NO-1g,2026-06-01 02:00:00,0.7,220
DsKlodzSzkol-NO-1g,2026-06-01 01:00:00,,220
DsKlodzSzkol-NO-1g,2026-06-01 00:00:00,0.8,220
DsKlodzSzkol-NO2-1g,2026-06-01 19:00:00,4.6,221
DsKlodzSzkol-NO2-1g,2026-06-01 18:00:00,3.8,221
DsKlodzSzkol-NO2-1g,2026-06-01 17:00:00,3.6,221
DsKlodzSzkol-NO2-1g,2026-06-01 16:00:00,6.0,221
DsKlodzSzkol-NO2-1g,2026-06-01 15:00:00,2.5,221
DsKlodzSzkol-NO2-1g,2026-06-01 14:00:00,7.2,221
DsKlodzSzkol-NO2-1g,2026-06-01 13:00:00,7.0,221
DsKlodzSzkol-NO2-1g,2026-06-01 12:00:00,16.7,221
DsKlodzSzkol-NO2-1g,2026-06-01 11:00:00,13.4,221
DsKlodzSzkol-NO2-1g,2026-06-01 10:00:00,15.4,221
DsKlodzSzkol-NO2-1g,2026-06-01 09:00:00,15.4,221
DsKlodzSzkol-NO2-1g,2026-06-01 08:00:00,13.0,221
DsKlodzSzkol-NO2-1g,2026-06-01 07:00:00,9.7,221
DsKlodzSzkol-NO2-1g,2026-06-01 06:00:00,8.5,221
DsKlodzSzkol-NO2-1g,2026-06-01 05:00:00,7.2,221
DsKlodzSzkol-NO2-1g,2026-06-01 04:00:00,3.4,221
DsKlodzSzkol-NO2-1g,2026-06-01 03:00:00,3.1,221
DsKlodzSzkol-NO2-1g,2026-06-01 02:00:00,4.2,221
DsKlodzSzkol-NO2-1g,2026-06-01 01:00:00,,221
DsKlodzSzkol-NO2-1g,2026-06-01 00:00:00,6.3,221
DsKlodzSzkol-NOx-1g,2026-06-01 19:00:00,5.9,222
DsKlodzSzkol-NOx-1g,2026-06-01 18:00:00,5.1,222
DsKlodzSzkol-NOx-1g,2026-06-01 17:00:00,5.0,222
DsKlodzSzkol-NOx-1g,2026-06-01 16:00:00,7.4,222
DsKlodzSzkol-NOx-1g,2026-06-01 15:00:00,3.7,222
DsKlodzSzkol-NOx-1g,2026-06-01 14:00:00,13.9,222
DsKlodzSzkol-NOx-1g,2026-06-01 13:00:00,9.5,222
DsKlodzSzkol-NOx-1g,2026-06-01 12:00:00,20.7,222
DsKlodzSzkol-NOx-1g,2026-06-01 11:00:00,17.1,222
DsKlodzSzkol-NOx-1g,2026-06-01 10:00:00,19.8,222
DsKlodzSzkol-NOx-1g,2026-06-01 09:00:00,19.6,222
DsKlodzSzkol-NOx-1g,2026-06-01 08:00:00,15.7,222
DsKlodzSzkol-NOx-1g,2026-06-01 07:00:00,11.5,222
DsKlodzSzkol-NOx-1g,2026-06-01 06:00:00,10.1,222
DsKlodzSzkol-NOx-1g,2026-06-01 05:00:00,8.5,222
DsKlodzSzkol-NOx-1g,2026-06-01 04:00:00,4.4,222
DsKlodzSzkol-NOx-1g,2026-06-01 03:00:00,4.1,222
DsKlodzSzkol-NOx-1g,2026-06-01 02:00:00,5.3,222
DsKlodzSzkol-NOx-1g,2026-06-01 01:00:00,,222
DsKlodzSzkol-NOx-1g,2026-06-01 00:00:00,7.6,222
DsKlodzSzkol-O3-1g,2026-06-01 19:00:00,81.4,223
DsKlodzSzkol-O3-1g,2026-06-01 18:00:00,82.8,223
DsKlodzSzkol-O3-1g,2026-06-01 17:00:00,84.0,223
DsKlodzSzkol-O3-1g,2026-06-01 16:00:00,79.6,223
DsKlodzSzkol-O3-1g,2026-06-01 15:00:00,87.3,223
DsKlodzSzkol-O3-1g,2026-06-01 14:00:00,79.5,223
DsKlodzSzkol-O3-1g,2026-06-01 13:00:00,73.2,223
DsKlodzSzkol-O3-1g,2026-06-01 12:00:00,51.1,223
DsKlodzSzkol-O3-1g,2026-06-01 11:00:00,55.9,223
DsKlodzSzkol-O3-1g,2026-06-01 10:00:00,50.4,223
DsKlodzSzkol-O3-1g,2026-06-01 09:00:00,38.5,223
DsKlodzSzkol-O3-1g,2026-06-01 08:00:00,25.1,223
DsKlodzSzkol-O3-1g,2026-06-01 07:00:00,28.9,223
DsKlodzSzkol-O3-1g,2026-06-01 06:00:00,27.3,223
DsKlodzSzkol-O3-1g,2026-06-01 05:00:00,22.8,223
DsKlodzSzkol-O3-1g,2026-06-01 04:00:00,35.8,223
DsKlodzSzkol-O3-1g,2026-06-01 03:00:00,46.9,223
DsKlodzSzkol-O3-1g,2026-06-01 02:00:00,,223
DsKlodzSzkol-O3-1g,2026-06-01 01:00:00,47.6,223
DsKlodzSzkol-O3-1g,2026-06-01 00:00:00,46.6,223
DsKlodzSzkol-PM10-1g,2026-06-01 19:00:00,16.0,224
DsKlodzSzkol-PM10-1g,2026-06-01 18:00:00,20.0,224
DsKlodzSzkol-PM10-1g,2026-06-01 17:00:00,17.7,224
DsKlodzSzkol-PM10-1g,2026-06-01 16:00:00,18.4,224
DsKlodzSzkol-PM10-1g,2026-06-01 15:00:00,18.1,224
DsKlodzSzkol-PM10-1g,2026-06-01 14:00:00,19.1,224
DsKlodzSzkol-PM10-1g,2026-06-01 13:00:00,18.2,224
DsKlodzSzkol-PM10-1g,2026-06-01 12:00:00,24.4,224
DsKlodzSzkol-PM10-1g,2026-06-01 11:00:00,16.0,224
DsKlodzSzkol-PM10-1g,2026-06-01 10:00:00,15.7,224
DsKlodzSzkol-PM10-1g,2026-06-01 09:00:00,14.3,224
DsKlodzSzkol-PM10-1g,2026-06-01 08:00:00,16.1,224
DsKlodzSzkol-PM10-1g,2026-06-01 07:00:00,15.9,224
DsKlodzSzkol-PM10-1g,2026-06-01 06:00:00,17.2,224
DsKlodzSzkol-PM10-1g,2026-06-01 05:00:00,18.0,224
DsKlodzSzkol-PM10-1g,2026-06-01 04:00:00,16.7,224
DsKlodzSzkol-PM10-1g,2026-06-01 03:00:00,17.9,224
DsKlodzSzkol-PM10-1g,2026-06-01 02:00:00,17.7,224
DsKlodzSzkol-PM10-1g,2026-06-01 01:00:00,14.8,224
DsKlodzSzkol-PM10-1g,2026-06-01 00:00:00,15.4,224
DsKlodzSzkol-PM2.5-1g,2026-06-01 19:00:00,9.5,25988
DsKlodzSzkol-PM2.5-1g,2026-06-01 18:00:00,12.0,25988
DsKlodzSzkol-PM2.5-1g,2026-06-01 17:00:00,11.7,25988
DsKlodzSzkol-PM2.5-1g,2026-06-01 16:00:00,12.3,25988
DsKlodzSzkol-PM2.5-1g,2026-06-01 15:00:00,11.6,25988
DsKlodzSzkol-PM2.5-1g,2026-06-01 14:00:00,12.1,25988
DsKlodzSzkol-PM2.5-1g,2026-06-01 13:00:00,13.1,25988
DsKlodzSzkol-PM2.5-1g,2026-06-01 12:00:00,17.6,25988
DsKlodzSzkol-PM2.5-1g,2026-06-01 11:00:00,11.3,25988
DsKlodzSzkol-PM2.5-1g,2026-06-01 10:00:00,11.0,25988
DsKlodzSzkol-PM2.5-1g,2026-06-01 09:00:00,10.6,25988
DsKlodzSzkol-PM2.5-1g,2026-06-01 08:00:00,11.8,25988
DsKlodzSzkol-PM2.5-1g,2026-06-01 07:00:00,11.7,25988
DsKlodzSzkol-PM2.5-1g,2026-06-01 06:00:00,11.3,25988
DsKlodzSzkol-PM2.5-1g,2026-06-01 05:00:00,10.1,25988
DsKlodzSzkol-PM2.5-1g,2026-06-01 04:00:00,9.3,25988
DsKlodzSzkol-PM2.5-1g,2026-06-01 03:00:00,9.8,25988
DsKlodzSzkol-PM2.5-1g,2026-06-01 02:00:00,10.2,25988
DsKlodzSzkol-PM2.5-1g,2026-06-01 01:00:00,9.7,25988
DsKlodzSzkol-PM2.5-1g,2026-06-01 00:00:00,9.9,25988
DsLegAlRzecz-C6H6-1g,2026-06-01 19:00:00,0.04,282
DsLegAlRzecz-C6H6-1g,2026-06-01 18:00:00,0.06,282
DsLegAlRzecz-C6H6-1g,2026-06-01 17:00:00,0.06,282
DsLegAlRzecz-C6H6-1g,2026-06-01 16:00:00,0.07,282
DsLegAlRzecz-C6H6-1g,2026-06-01 15:00:00,0.07,282
DsLegAlRzecz-C6H6-1g,2026-06-01 14:00:00,0.08,282
DsLegAlRzecz-C6H6-1g,2026-06-01 13:00:00,0.07,282
DsLegAlRzecz-C6H6-1g,2026-06-01 12:00:00,0.09,282
DsLegAlRzecz-C6H6-1g,2026-06-01 11:00:00,0.13,282
DsLegAlRzecz-C6H6-1g,2026-06-01 10:00:00,0.15,282
DsLegAlRzecz-C6H6-1g,2026-06-01 09:00:00,0.13,282
DsLegAlRzecz-C6H6-1g,2026-06-01 08:00:00,0.13,282
DsLegAlRzecz-C6H6-1g,2026-06-01 07:00:00,0.15,282
DsLegAlRzecz-C6H6-1g,2026-06-01 06:00:00,0.13,282
DsLegAlRzecz-C6H6-1g,2026-06-01 05:00:00,0.16,282
DsLegAlRzecz-C6H6-1g,2026-06-01 04:00:00,0.14,282
DsLegAlRzecz-C6H6-1g,2026-06-01 03:00:00,0.14,282
DsLegAlRzecz-C6H6-1g,2026-06-01 02:00:00,0.16,282
DsLegAlRzecz-C6H6-1g,2026-06-01 01:00:00,0.11,282
DsLegAlRzecz-C6H6-1g,2026-06-01 00:00:00,0.11,282
DsLegAlRzecz-NO-1g,2026-06-01 19:00:00,0.9,290
DsLegAlRzecz-NO-1g,2026-06-01 18:00:00,1.5,290
DsLegAlRzecz-NO-1g,2026-06-01 17:00:00,3.6,290
DsLegAlRzecz-NO-1g,2026-06-01 16:00:00,2.0,290
DsLegAlRzecz-NO-1g,2026-06-01 15:00:00,1.9,290
DsLegAlRzecz-NO-1g,2026-06-01 14:00:00,2.9,290
DsLegAlRzecz-NO-1g,2026-06-01 13:00:00,3.5,290
DsLegAlRzecz-NO-1g,2026-06-01 12:00:00,4.6,290
DsLegAlRzecz-NO-1g,2026-06-01 11:00:00,3.6,290
DsLegAlRzecz-NO-1g,2026-06-01 10:00:00,3.3,290
DsLegAlRzecz-NO-1g,2026-06-01 09:00:00,3.4,290
DsLegAlRzecz-NO-1g,2026-06-01 08:00:00,2.6,290
DsLegAlRzecz-NO-1g,2026-06-01 07:00:00,1.9,290
DsLegAlRzecz-NO-1g,2026-06-01 06:00:00,0.8,290
DsLegAlRzecz-NO-1g,2026-06-01 05:00:00,0.7,290
DsLegAlRzecz-NO-1g,2026-06-01 04:00:00,0.7,290
DsLegAlRzecz-NO-1g,2026-06-01 03:00:00,0.6,290
DsLegAlRzecz-NO-1g,2026-06-01 02:00:00,0.5,290
DsLegAlRzecz-NO-1g,2026-06-01 01:00:00,,290
DsLegAlRzecz-NO-1g,2026-06-01 00:00:00,0.3,290
DsLegAlRzecz-NO2-1g,2026-06-01 19:00:00,8.4,291
DsLegAlRzecz-NO2-1g,2026-06-01 18:00:00,8.9,291
DsLegAlRzecz-NO2-1g,2026-06-01 17:00:00,12.7,291
DsLegAlRzecz-NO2-1g,2026-06-01 16:00:00,9.4,291
DsLegAlRzecz-NO2-1g,2026-06-01 15:00:00,7.2,291
DsLegAlRzecz-NO2-1g,2026-06-01 14:00:00,10.9,291
DsLegAlRzecz-NO2-1g,2026-06-01 13:00:00,11.5,291
DsLegAlRzecz-NO2-1g,2026-06-01 12:00:00,13.7,291
DsLegAlRzecz-NO2-1g,2026-06-01 11:00:00,12.3,291
DsLegAlRzecz-NO2-1g,2026-06-01 10:00:00,9.6,291
DsLegAlRzecz-NO2-1g,2026-06-01 09:00:00,12.0,291
DsLegAlRzecz-NO2-1g,2026-06-01 08:00:00,11.6,291
DsLegAlRzecz-NO2-1g,2026-06-01 07:00:00,13.0,291
DsLegAlRzecz-NO2-1g,2026-06-01 06:00:00,13.6,291
DsLegAlRzecz-NO2-1g,2026-06-01 05:00:00,12.2,291
DsLegAlRzecz-NO2-1g,2026-06-01 04:00:00,11.6,291
DsLegAlRzecz-NO2-1g,2026-06-01 03:00:00,10.3,291
DsLegAlRzecz-NO2-1g,2026-06-01 02:00:00,10.3,291
DsLegAlRzecz-NO2-1g,2026-06-01 01:00:00,,291
DsLegAlRzecz-NO2-1g,2026-06-01 00:00:00,8.1,291
DsLegAlRzecz-NOx-1g,2026-06-01 19:00:00,9.9,292
DsLegAlRzecz-NOx-1g,2026-06-01 18:00:00,11.3,292
DsLegAlRzecz-NOx-1g,2026-06-01 17:00:00,18.3,292
DsLegAlRzecz-NOx-1g,2026-06-01 16:00:00,12.5,292
DsLegAlRzecz-NOx-1g,2026-06-01 15:00:00,10.2,292
DsLegAlRzecz-NOx-1g,2026-06-01 14:00:00,15.4,292
DsLegAlRzecz-NOx-1g,2026-06-01 13:00:00,16.9,292
DsLegAlRzecz-NOx-1g,2026-06-01 12:00:00,20.9,292
DsLegAlRzecz-NOx-1g,2026-06-01 11:00:00,17.7,292
DsLegAlRzecz-NOx-1g,2026-06-01 10:00:00,14.6,292
DsLegAlRzecz-NOx-1g,2026-06-01 09:00:00,17.2,292
DsLegAlRzecz-NOx-1g,2026-06-01 08:00:00,15.5,292
DsLegAlRzecz-NOx-1g,2026-06-01 07:00:00,15.8,292
DsLegAlRzecz-NOx-1g,2026-06-01 06:00:00,14.7,292
DsLegAlRzecz-NOx-1g,2026-06-01 05:00:00,13.4,292
DsLegAlRzecz-NOx-1g,2026-06-01 04:00:00,12.7,292
DsLegAlRzecz-NOx-1g,2026-06-01 03:00:00,11.3,292
DsLegAlRzecz-NOx-1g,2026-06-01 02:00:00,11.1,292
DsLegAlRzecz-NOx-1g,2026-06-01 01:00:00,,292
DsLegAlRzecz-NOx-1g,2026-06-01 00:00:00,8.5,292
DsLegAlRzecz-O3-1g,2026-06-01 19:00:00,82.3,293
DsLegAlRzecz-O3-1g,2026-06-01 18:00:00,81.6,293
DsLegAlRzecz-O3-1g,2026-06-01 17:00:00,76.3,293
DsLegAlRzecz-O3-1g,2026-06-01 16:00:00,75.6,293
DsLegAlRzecz-O3-1g,2026-06-01 15:00:00,75.1,293
DsLegAlRzecz-O3-1g,2026-06-01 14:00:00,66.6,293
DsLegAlRzecz-O3-1g,2026-06-01 13:00:00,75.2,293
DsLegAlRzecz-O3-1g,2026-06-01 12:00:00,70.0,293
DsLegAlRzecz-O3-1g,2026-06-01 11:00:00,63.2,293
DsLegAlRzecz-O3-1g,2026-06-01 10:00:00,44.1,293
DsLegAlRzecz-O3-1g,2026-06-01 09:00:00,33.9,293
DsLegAlRzecz-O3-1g,2026-06-01 08:00:00,35.1,293
DsLegAlRzecz-O3-1g,2026-06-01 07:00:00,33.0,293
DsLegAlRzecz-O3-1g,2026-06-01 06:00:00,31.9,293
DsLegAlRzecz-O3-1g,2026-06-01 05:00:00,31.2,293
DsLegAlRzecz-O3-1g,2026-06-01 04:00:00,32.3,293
DsLegAlRzecz-O3-1g,2026-06-01 03:00:00,40.5,293
DsLegAlRzecz-O3-1g,2026-06-01 02:00:00,,293
DsLegAlRzecz-O3-1g,2026-06-01 01:00:00,53.6,293
DsLegAlRzecz-O3-1g,2026-06-01 00:00:00,57.3,293
DsLegAlRzecz-SO2-1g,2026-06-01 19:00:00,3.6,297
DsLegAlRzecz-SO2-1g,2026-06-01 18:00:00,3.4,297
DsLegAlRzecz-SO2-1g,2026-06-01 17:00:00,3.2,297
DsLegAlRzecz-SO2-1g,2026-06-01 16:00:00,3.5,297
DsLegAlRzecz-SO2-1g,2026-06-01 15:00:00,3.6,297
DsLegAlRzecz-SO2-1g,2026-06-01 14:00:00,3.7,297
DsLegAlRzecz-SO2-1g,2026-06-01 13:00:00,3.0,297
DsLegAlRzecz-SO2-1g,2026-06-01 12:00:00,3.8,297
DsLegAlRzecz-SO2-1g,2026-06-01 11:00:00,4.1,297
DsLegAlRzecz-SO2-1g,2026-06-01 10:00:00,3.8,297
DsLegAlRzecz-SO2-1g,2026-06-01 09:00:00,3.8,297
DsLegAlRzecz-SO2-1g,2026-06-01 08:00:00,4.0,297
DsLegAlRzecz-SO2-1g,2026-06-01 07:00:00,3.4,297
DsLegAlRzecz-SO2-1g,2026-06-01 06:00:00,3.6,297
DsLegAlRzecz-SO2-1g,2026-06-01 05:00:00,3.8,297
DsLegAlRzecz-SO2-1g,2026-06-01 04:00:00,4.1,297
DsLegAlRzecz-SO2-1g,2026-06-01 03:00:00,3.9,297
DsLegAlRzecz-SO2-1g,2026-06-01 02:00:00,4.1,297
DsLegAlRzecz-SO2-1g,2026-06-01 01:00:00,3.6,297
DsLegAlRzecz-SO2-1g,2026-06-01 00:00:00,,297
DsLegAlRzecz-PM10-1g,2026-06-01 19:00:00,16.2,14397
DsLegAlRzecz-PM10-1g,2026-06-01 18:00:00,15.8,14397
DsLegAlRzecz-PM10-1g,2026-06-01 17:00:00,15.2,14397
DsLegAlRzecz-PM10-1g,2026-06-01 16:00:00,15.2,14397
DsLegAlRzecz-PM10-1g,2026-06-01 15:00:00,15.1,14397
DsLegAlRzecz-PM10-1g,2026-06-01 14:00:00,17.9,14397
DsLegAlRzecz-PM10-1g,2026-06-01 13:00:00,16.7,14397
DsLegAlRzecz-PM10-1g,2026-06-01 12:00:00,17.3,14397
DsLegAlRzecz-PM10-1g,2026-06-01 11:00:00,22.7,14397
DsLegAlRzecz-PM10-1g,2026-06-01 10:00:00,24.4,14397
DsLegAlRzecz-PM10-1g,2026-06-01 09:00:00,22.2,14397
DsLegAlRzecz-PM10-1g,2026-06-01 08:00:00,19.7,14397
DsLegAlRzecz-PM10-1g,2026-06-01 07:00:00,19.8,14397
DsLegAlRzecz-PM10-1g,2026-06-01 06:00:00,17.6,14397
DsLegAlRzecz-PM10-1g,2026-06-01 05:00:00,18.3,14397
DsLegAlRzecz-PM10-1g,2026-06-01 04:00:00,17.8,14397
DsLegAlRzecz-PM10-1g,2026-06-01 03:00:00,16.4,14397
DsLegAlRzecz-PM10-1g,2026-06-01 02:00:00,16.6,14397
DsLegAlRzecz-PM10-1g,2026-06-01 01:00:00,14.3,14397
DsLegAlRzecz-PM10-1g,2026-06-01 00:00:00,14.0,14397
DsLegAlRzecz-PM2.5-1g,2026-06-01 19:00:00,9.3,32560
DsLegAlRzecz-PM2.5-1g,2026-06-01 18:00:00,8.8,32560
DsLegAlRzecz-PM2.5-1g,2026-06-01 17:00:00,8.7,32560
DsLegAlRzecz-PM2.5-1g,2026-06-01 16:00:00,8.3,32560
DsLegAlRzecz-PM2.5-1g,2026-06-01 15:00:00,8.5,32560
DsLegAlRzecz-PM2.5-1g,2026-06-01 14:00:00,9.7,32560
DsLegAlRzecz-PM2.5-1g,2026-06-01 13:00:00,10.5,32560
DsLegAlRzecz-PM2.5-1g,2026-06-01 12:00:00,10.7,32560
DsLegAlRzecz-PM2.5-1g,2026-06-01 11:00:00,14.7,32560
DsLegAlRzecz-PM2.5-1g,2026-06-01 10:00:00,16.6,32560
DsLegAlRzecz-PM2.5-1g,2026-06-01 09:00:00,15.0,32560
DsLegAlRzecz-PM2.5-1g,2026-06-01 08:00:00,14.5,32560
DsLegAlRzecz-PM2.5-1g,2026-06-01 07:00:00,14.4,32560
DsLegAlRzecz-PM2.5-1g,2026-06-01 06:00:00,12.5,32560
DsLegAlRzecz-PM2.5-1g,2026-06-01 05:00:00,13.1,32560
DsLegAlRzecz-PM2.5-1g,2026-06-01 04:00:00,12.9,32560
DsLegAlRzecz-PM2.5-1g,2026-06-01 03:00:00,12.0,32560
DsLegAlRzecz-PM2.5-1g,2026-06-01 02:00:00,11.6,32560
DsLegAlRzecz-PM2.5-1g,2026-06-01 01:00:00,10.2,32560
DsLegAlRzecz-PM2.5-1g,2026-06-01 00:00:00,9.7,32560
DsOlawZolnAK-NO-1g,2026-06-01 19:00:00,1.1,396
DsOlawZolnAK-NO-1g,2026-06-01 18:00:00,1.9,396
DsOlawZolnAK-NO-1g,2026-06-01 17:00:00,2.2,396
DsOlawZolnAK-NO-1g,2026-06-01 16:00:00,2.2,396
DsOlawZolnAK-NO-1g,2026-06-01 15:00:00,2.3,396
DsOlawZolnAK-NO-1g,2026-06-01 14:00:00,2.4,396
DsOlawZolnAK-NO-1g,2026-06-01 13:00:00,2.9,396
DsOlawZolnAK-NO-1g,2026-06-01 12:00:00,4.6,396
DsOlawZolnAK-NO-1g,2026-06-01 11:00:00,3.8,396
DsOlawZolnAK-NO-1g,2026-06-01 10:00:00,2.9,396
DsOlawZolnAK-NO-1g,2026-06-01 09:00:00,3.3,396
DsOlawZolnAK-NO-1g,2026-06-01 08:00:00,2.8,396
DsOlawZolnAK-NO-1g,2026-06-01 07:00:00,2.9,396
DsOlawZolnAK-NO-1g,2026-06-01 06:00:00,1.9,396
DsOlawZolnAK-NO-1g,2026-06-01 05:00:00,1.5,396
DsOlawZolnAK-NO-1g,2026-06-01 04:00:00,1.3,396
DsOlawZolnAK-NO-1g,2026-06-01 03:00:00,1.1,396
DsOlawZolnAK-NO-1g,2026-06-01 02:00:00,1.4,396
DsOlawZolnAK-NO-1g,2026-06-01 01:00:00,,396
DsOlawZolnAK-NO-1g,2026-06-01 00:00:00,1.2,396
DsOlawZolnAK-NO2-1g,2026-06-01 19:00:00,5.1,397
DsOlawZolnAK-NO2-1g,2026-06-01 18:00:00,7.1,397
DsOlawZolnAK-NO2-1g,2026-06-01 17:00:00,8.5,397
DsOlawZolnAK-NO2-1g,2026-06-01 16:00:00,7.7,397
DsOlawZolnAK-NO2-1g,2026-06-01 15:00:00,9.3,397
DsOlawZolnAK-NO2-1g,2026-06-01 14:00:00,12.7,397
DsOlawZolnAK-NO2-1g,2026-06-01 13:00:00,8.8,397
DsOlawZolnAK-NO2-1g,2026-06-01 12:00:00,12.0,397
DsOlawZolnAK-NO2-1g,2026-06-01 11:00:00,14.0,397
DsOlawZolnAK-NO2-1g,2026-06-01 10:00:00,12.7,397
DsOlawZolnAK-NO2-1g,2026-06-01 09:00:00,18.7,397
DsOlawZolnAK-NO2-1g,2026-06-01 08:00:00,17.0,397
DsOlawZolnAK-NO2-1g,2026-06-01 07:00:00,14.6,397
DsOlawZolnAK-NO2-1g,2026-06-01 06:00:00,13.2,397
DsOlawZolnAK-NO2-1g,2026-06-01 05:00:00,9.9,397
DsOlawZolnAK-NO2-1g,2026-06-01 04:00:00,6.6,397
DsOlawZolnAK-NO2-1g,2026-06-01 03:00:00,7.8,397
DsOlawZolnAK-NO2-1g,2026-06-01 02:00:00,5.5,397
DsOlawZolnAK-NO2-1g,2026-06-01 01:00:00,,397
DsOlawZolnAK-NO2-1g,2026-06-01 00:00:00,6.4,397
DsOlawZolnAK-NOx-1g,2026-06-01 19:00:00,6.9,398
DsOlawZolnAK-NOx-1g,2026-06-01 18:00:00,10.0,398
DsOlawZolnAK-NOx-1g,2026-06-01 17:00:00,11.9,398
DsOlawZolnAK-NOx-1g,2026-06-01 16:00:00,11.1,398
DsOlawZolnAK-NOx-1g,2026-06-01 15:00:00,12.9,398
DsOlawZolnAK-NOx-1g,2026-06-01 14:00:00,16.4,398
DsOlawZolnAK-NOx-1g,2026-06-01 13:00:00,13.3,398
DsOlawZolnAK-NOx-1g,2026-06-01 12:00:00,19.0,398
DsOlawZolnAK-NOx-1g,2026-06-01 11:00:00,19.8,398
DsOlawZolnAK-NOx-1g,2026-06-01 10:00:00,17.2,398
DsOlawZolnAK-NOx-1g,2026-06-01 09:00:00,23.7,398
DsOlawZolnAK-NOx-1g,2026-06-01 08:00:00,21.4,398
DsOlawZolnAK-NOx-1g,2026-06-01 07:00:00,19.0,398
DsOlawZolnAK-NOx-1g,2026-06-01 06:00:00,16.1,398
DsOlawZolnAK-NOx-1g,2026-06-01 05:00:00,12.2,398
DsOlawZolnAK-NOx-1g,2026-06-01 04:00:00,8.6,398
DsOlawZolnAK-NOx-1g,2026-06-01 03:00:00,9.5,398
DsOlawZolnAK-NOx-1g,2026-06-01 02:00:00,7.6,398
DsOlawZolnAK-NOx-1g,2026-06-01 01:00:00,,398
DsOlawZolnAK-NOx-1g,2026-06-01 00:00:00,8.2,398
DsOlawZolnAK-PM10-1g,2026-06-01 19:00:00,12.6,400
DsOlawZolnAK-PM10-1g,2026-06-01 18:00:00,16.6,400
DsOlawZolnAK-PM10-1g,2026-06-01 17:00:00,17.4,400
DsOlawZolnAK-PM10-1g,2026-06-01 16:00:00,17.6,400
DsOlawZolnAK-PM10-1g,2026-06-01 15:00:00,19.0,400
DsOlawZolnAK-PM10-1g,2026-06-01 14:00:00,17.6,400
DsOlawZolnAK-PM10-1g,2026-06-01 13:00:00,19.5,400
DsOlawZolnAK-PM10-1g,2026-06-01 12:00:00,19.8,400
DsOlawZolnAK-PM10-1g,2026-06-01 11:00:00,17.5,400
DsOlawZolnAK-PM10-1g,2026-06-01 10:00:00,17.5,400
DsOlawZolnAK-PM10-1g,2026-06-01 09:00:00,17.7,400
DsOlawZolnAK-PM10-1g,2026-06-01 08:00:00,17.5,400
DsOlawZolnAK-PM10-1g,2026-06-01 07:00:00,17.6,400
DsOlawZolnAK-PM10-1g,2026-06-01 06:00:00,16.9,400
DsOlawZolnAK-PM10-1g,2026-06-01 05:00:00,16.9,400
DsOlawZolnAK-PM10-1g,2026-06-01 04:00:00,15.2,400
DsOlawZolnAK-PM10-1g,2026-06-01 03:00:00,16.1,400
DsOlawZolnAK-PM10-1g,2026-06-01 02:00:00,13.9,400
DsOlawZolnAK-PM10-1g,2026-06-01 01:00:00,14.0,400
DsOlawZolnAK-PM10-1g,2026-06-01 00:00:00,15.0,400
DsOlawZolnAK-O3-1g,2026-06-01 19:00:00,96.1,20214
DsOlawZolnAK-O3-1g,2026-06-01 18:00:00,89.5,20214
DsOlawZolnAK-O3-1g,2026-06-01 17:00:00,89.4,20214
DsOlawZolnAK-O3-1g,2026-06-01 16:00:00,88.3,20214
DsOlawZolnAK-O3-1g,2026-06-01 15:00:00,83.2,20214
DsOlawZolnAK-O3-1g,2026-06-01 14:00:00,74.6,20214
DsOlawZolnAK-O3-1g,2026-06-01 13:00:00,78.0,20214
DsOlawZolnAK-O3-1g,2026-06-01 12:00:00,63.6,20214
DsOlawZolnAK-O3-1g,2026-06-01 11:00:00,59.7,20214
DsOlawZolnAK-O3-1g,2026-06-01 10:00:00,55.0,20214
DsOlawZolnAK-O3-1g,2026-06-01 09:00:00,47.8,20214
DsOlawZolnAK-O3-1g,2026-06-01 08:00:00,36.6,20214
DsOlawZolnAK-O3-1g,2026-06-01 07:00:00,41.0,20214
DsOlawZolnAK-O3-1g,2026-06-01 06:00:00,33.0,20214
DsOlawZolnAK-O3-1g,2026-06-01 05:00:00,37.9,20214
DsOlawZolnAK-O3-1g,2026-06-01 04:00:00,44.6,20214
DsOlawZolnAK-O3-1g,2026-06-01 03:00:00,59.6,20214
DsOlawZolnAK-O3-1g,2026-06-01 02:00:00,66.0,20214
DsOlawZolnAK-O3-1g,2026-06-01 01:00:00,72.8,20214
DsOlawZolnAK-O3-1g,2026-06-01 00:00:00,79.1,20214
DsOlawZolnAK-PM2.5-1g,2026-06-01 19:00:00,6.8,32613
DsOlawZolnAK-PM2.5-1g,2026-06-01 18:00:00,9.4,32613
DsOlawZolnAK-PM2.5-1g,2026-06-01 17:00:00,10.1,32613
DsOlawZolnAK-PM2.5-1g,2026-06-01 16:00:00,10.9,32613
DsOlawZolnAK-PM2.5-1g,2026-06-01 15:00:00,11.6,32613
DsOlawZolnAK-PM2.5-1g,2026-06-01 14:00:00,10.5,32613
DsOlawZolnAK-PM2.5-1g,2026-06-01 13:00:00,12.6,32613
DsOlawZolnAK-PM2.5-1g,2026-06-01 12:00:00,13.8,32613
DsOlawZolnAK-PM2.5-1g,2026-06-01 11:00:00,11.7,32613
DsOlawZolnAK-PM2.5-1g,2026-06-01 10:00:00,11.7,32613
DsOlawZolnAK-PM2.5-1g,2026-06-01 09:00:00,12.5,32613
DsOlawZolnAK-PM2.5-1g,2026-06-01 08:00:00,12.4,32613
DsOlawZolnAK-PM2.5-1g,2026-06-01 07:00:00,12.1,32613
DsOlawZolnAK-PM2.5-1g,2026-06-01 06:00:00,12.2,32613
DsOlawZolnAK-PM2.5-1g,2026-06-01 05:00:00,11.7,32613
DsOlawZolnAK-PM2.5-1g,2026-06-01 04:00:00,10.9,32613
DsOlawZolnAK-PM2.5-1g,2026-06-01 03:00:00,10.9,32613
DsOlawZolnAK-PM2.5-1g,2026-06-01 02:00:00,10.6,32613
DsOlawZolnAK-PM2.5-1g,2026-06-01 01:00:00,10.3,32613
DsOlawZolnAK-PM2.5-1g,2026-06-01 00:00:00,10.4,32613
DsWalbrzWyso-C6H6-1g,2026-06-01 19:00:00,0.03,605
DsWalbrzWyso-C6H6-1g,2026-06-01 18:00:00,0.03,605
DsWalbrzWyso-C6H6-1g,2026-06-01 17:00:00,0.05,605
DsWalbrzWyso-C6H6-1g,2026-06-01 16:00:00,,605
DsWalbrzWyso-C6H6-1g,2026-06-01 15:00:00,0.05,605
DsWalbrzWyso-C6H6-1g,2026-06-01 14:00:00,0.06,605
DsWalbrzWyso-C6H6-1g,2026-06-01 13:00:00,,605
DsWalbrzWyso-C6H6-1g,2026-06-01 12:00:00,,605
DsWalbrzWyso-C6H6-1g,2026-06-01 11:00:00,0.1,605
DsWalbrzWyso-C6H6-1g,2026-06-01 10:00:00,0.1,605
DsWalbrzWyso-C6H6-1g,2026-06-01 09:00:00,0.11,605
DsWalbrzWyso-C6H6-1g,2026-06-01 08:00:00,0.14,605
DsWalbrzWyso-C6H6-1g,2026-06-01 07:00:00,0.4,605
DsWalbrzWyso-C6H6-1g,2026-06-01 06:00:00,1.38,605
DsWalbrzWyso-C6H6-1g,2026-06-01 05:00:00,1.17,605
DsWalbrzWyso-C6H6-1g,2026-06-01 04:00:00,0.69,605
DsWalbrzWyso-C6H6-1g,2026-06-01 03:00:00,0.8,605
DsWalbrzWyso-C6H6-1g,2026-06-01 02:00:00,0.79,605
DsWalbrzWyso-C6H6-1g,2026-06-01 01:00:00,0.45,605
DsWalbrzWyso-C6H6-1g,2026-06-01 00:00:00,0.18,605
DsWalbrzWyso-NO-1g,2026-06-01 19:00:00,1.3,613
DsWalbrzWyso-NO-1g,2026-06-01 18:00:00,1.7,613
DsWalbrzWyso-NO-1g,2026-06-01 17:00:00,1.4,613
DsWalbrzWyso-NO-1g,2026-06-01 16:00:00,2.1,613
DsWalbrzWyso-NO-1g,2026-06-01 15:00:00,1.9,613
DsWalbrzWyso-NO-1g,2026-06-01 14:00:00,1.4,613
DsWalbrzWyso-NO-1g,2026-06-01 13:00:00,2.4,613
DsWalbrzWyso-NO-1g,2026-06-01 12:00:00,,613
DsWalbrzWyso-NO-1g,2026-06-01 11:00:00,1.8,613
DsWalbrzWyso-NO-1g,2026-06-01 10:00:00,4.8,613
DsWalbrzWyso-NO-1g,2026-06-01 09:00:00,7.8,613
DsWalbrzWyso-NO-1g,2026-06-01 08:00:00,1.5,613
DsWalbrzWyso-NO-1g,2026-06-01 07:00:00,1.4,613
DsWalbrzWyso-NO-1g,2026-06-01 06:00:00,1.4,613
DsWalbrzWyso-NO-1g,2026-06-01 05:00:00,1.1,613
DsWalbrzWyso-NO-1g,2026-06-01 04:00:00,1.1,613
DsWalbrzWyso-NO-1g,2026-06-01 03:00:00,1.3,613
DsWalbrzWyso-NO-1g,2026-06-01 02:00:00,1.7,613
DsWalbrzWyso-NO-1g,2026-06-01 01:00:00,,613
DsWalbrzWyso-NO-1g,2026-06-01 00:00:00,1.3,613
DsWalbrzWyso-NO2-1g,2026-06-01 19:00:00,2.8,614
DsWalbrzWyso-NO2-1g,2026-06-01 18:00:00,4.0,614
DsWalbrzWyso-NO2-1g,2026-06-01 17:00:00,3.8,614
DsWalbrzWyso-NO2-1g,2026-06-01 16:00:00,4.7,614
DsWalbrzWyso-NO2-1g,2026-06-01 15:00:00,4.6,614
DsWalbrzWyso-NO2-1g,2026-06-01 14:00:00,5.5,614
DsWalbrzWyso-NO2-1g,2026-06-01 13:00:00,5.4,614
DsWalbrzWyso-NO2-1g,2026-06-01 12:00:00,,614
DsWalbrzWyso-NO2-1g,2026-06-01 11:00:00,8.8,614
DsWalbrzWyso-NO2-1g,2026-06-01 10:00:00,13.6,614
DsWalbrzWyso-NO2-1g,2026-06-01 09:00:00,9.8,614
DsWalbrzWyso-NO2-1g,2026-06-01 08:00:00,9.3,614
DsWalbrzWyso-NO2-1g,2026-06-01 07:00:00,7.7,614
DsWalbrzWyso-NO2-1g,2026-06-01 06:00:00,5.8,614
DsWalbrzWyso-NO2-1g,2026-06-01 05:00:00,5.2,614
DsWalbrzWyso-NO2-1g,2026-06-01 04:00:00,5.8,614
DsWalbrzWyso-NO2-1g,2026-06-01 03:00:00,6.4,614
DsWalbrzWyso-NO2-1g,2026-06-01 02:00:00,7.9,614
DsWalbrzWyso-NO2-1g,2026-06-01 01:00:00,,614
DsWalbrzWyso-NO2-1g,2026-06-01 00:00:00,6.6,614
DsWalbrzWyso-NOx-1g,2026-06-01 19:00:00,4.8,615
DsWalbrzWyso-NOx-1g,2026-06-01 18:00:00,6.7,615
DsWalbrzWyso-NOx-1g,2026-06-01 17:00:00,6.0,615
DsWalbrzWyso-NOx-1g,2026-06-01 16:00:00,7.9,615
DsWalbrzWyso-NOx-1g,2026-06-01 15:00:00,7.5,615
DsWalbrzWyso-NOx-1g,2026-06-01 14:00:00,7.5,615
DsWalbrzWyso-NOx-1g,2026-06-01 13:00:00,9.1,615
DsWalbrzWyso-NOx-1g,2026-06-01 12:00:00,,615
DsWalbrzWyso-NOx-1g,2026-06-01 11:00:00,11.6,615
DsWalbrzWyso-NOx-1g,2026-06-01 10:00:00,21.0,615
DsWalbrzWyso-NOx-1g,2026-06-01 09:00:00,21.9,615
DsWalbrzWyso-NOx-1g,2026-06-01 08:00:00,11.6,615
DsWalbrzWyso-NOx-1g,2026-06-01 07:00:00,9.9,615
DsWalbrzWyso-NOx-1g,2026-06-01 06:00:00,8.0,615
DsWalbrzWyso-NOx-1g,2026-06-01 05:00:00,6.9,615
DsWalbrzWyso-NOx-1g,2026-06-01 04:00:00,7.5,615
DsWalbrzWyso-NOx-1g,2026-06-01 03:00:00,8.3,615
DsWalbrzWyso-NOx-1g,2026-06-01 02:00:00,10.6,615
DsWalbrzWyso-NOx-1g,2026-06-01 01:00:00,,615
DsWalbrzWyso-NOx-1g,2026-06-01 00:00:00,8.5,615
DsWalbrzWyso-O3-1g,2026-06-01 19:00:00,81.4,616
DsWalbrzWyso-O3-1g,2026-06-01 18:00:00,81.8,616
DsWalbrzWyso-O3-1g,2026-06-01 17:00:00,76.6,616
DsWalbrzWyso-O3-1g,2026-06-01 16:00:00,75.5,616
DsWalbrzWyso-O3-1g,2026-06-01 15:00:00,76.3,616
DsWalbrzWyso-O3-1g,2026-06-01 14:00:00,70.8,616
DsWalbrzWyso-O3-1g,2026-06-01 13:00:00,74.6,616
DsWalbrzWyso-O3-1g,2026-06-01 12:00:00,,616
DsWalbrzWyso-O3-1g,2026-06-01 11:00:00,60.9,616
DsWalbrzWyso-O3-1g,2026-06-01 10:00:00,56.4,616
DsWalbrzWyso-O3-1g,2026-06-01 09:00:00,54.5,616
DsWalbrzWyso-O3-1g,2026-06-01 08:00:00,56.4,616
DsWalbrzWyso-O3-1g,2026-06-01 07:00:00,52.7,616
DsWalbrzWyso-O3-1g,2026-06-01 06:00:00,45.5,616
DsWalbrzWyso-O3-1g,2026-06-01 05:00:00,48.0,616
DsWalbrzWyso-O3-1g,2026-06-01 04:00:00,41.8,616
DsWalbrzWyso-O3-1g,2026-06-01 03:00:00,27.6,616
DsWalbrzWyso-O3-1g,2026-06-01 02:00:00,27.5,616
DsWalbrzWyso-O3-1g,2026-06-01 01:00:00,34.2,616
DsWalbrzWyso-O3-1g,2026-06-01 00:00:00,52.8,616
DsWalbrzWyso-PM10-1g,2026-06-01 19:00:00,11.5,618
DsWalbrzWyso-PM10-1g,2026-06-01 18:00:00,13.0,618
DsWalbrzWyso-PM10-1g,2026-06-01 17:00:00,12.9,618
DsWalbrzWyso-PM10-1g,2026-06-01 16:00:00,13.7,618
DsWalbrzWyso-PM10-1g,2026-06-01 15:00:00,11.4,618
DsWalbrzWyso-PM10-1g,2026-06-01 14:00:00,15.5,618
DsWalbrzWyso-PM10-1g,2026-06-01 13:00:00,18.5,618
DsWalbrzWyso-PM10-1g,2026-06-01 12:00:00,,618
DsWalbrzWyso-PM10-1g,2026-06-01 11:00:00,19.0,618
DsWalbrzWyso-PM10-1g,2026-06-01 10:00:00,15.4,618
DsWalbrzWyso-PM10-1g,2026-06-01 09:00:00,13.3,618
DsWalbrzWyso-PM10-1g,2026-06-01 08:00:00,11.1,618
DsWalbrzWyso-PM10-1g,2026-06-01 07:00:00,10.5,618
DsWalbrzWyso-PM10-1g,2026-06-01 06:00:00,13.0,618
DsWalbrzWyso-PM10-1g,2026-06-01 05:00:00,15.1,618
DsWalbrzWyso-PM10-1g,2026-06-01 04:00:00,12.7,618
DsWalbrzWyso-PM10-1g,2026-06-01 03:00:00,13.8,618
DsWalbrzWyso-PM10-1g,2026-06-01 02:00:00,15.6,618
DsWalbrzWyso-PM10-1g,2026-06-01 01:00:00,15.9,618
DsWalbrzWyso-PM10-1g,2026-06-01 00:00:00,12.9,618
DsWalbrzWyso-SO2-1g,2026-06-01 19:00:00,10.2,621
DsWalbrzWyso-SO2-1g,2026-06-01 18:00:00,9.8,621
DsWalbrzWyso-SO2-1g,2026-06-01 17:00:00,10.0,621
DsWalbrzWyso-SO2-1g,2026-06-01 16:00:00,9.1,621
DsWalbrzWyso-SO2-1g,2026-06-01 15:00:00,9.6,621
DsWalbrzWyso-SO2-1g,2026-06-01 14:00:00,9.3,621
DsWalbrzWyso-SO2-1g,2026-06-01 13:00:00,10.2,621
DsWalbrzWyso-SO2-1g,2026-06-01 12:00:00,,621
DsWalbrzWyso-SO2-1g,2026-06-01 11:00:00,10.4,621
DsWalbrzWyso-SO2-1g,2026-06-01 10:00:00,10.2,621
DsWalbrzWyso-SO2-1g,2026-06-01 09:00:00,10.1,621
DsWalbrzWyso-SO2-1g,2026-06-01 08:00:00,10.1,621
DsWalbrzWyso-SO2-1g,2026-06-01 07:00:00,8.7,621
DsWalbrzWyso-SO2-1g,2026-06-01 06:00:00,10.1,621
DsWalbrzWyso-SO2-1g,2026-06-01 05:00:00,10.5,621
DsWalbrzWyso-SO2-1g,2026-06-01 04:00:00,11.4,621
DsWalbrzWyso-SO2-1g,2026-06-01 03:00:00,10.6,621
DsWalbrzWyso-SO2-1g,2026-06-01 02:00:00,10.6,621
DsWalbrzWyso-SO2-1g,2026-06-01 01:00:00,10.6,621
DsWalbrzWyso-SO2-1g,2026-06-01 00:00:00,11.1,621
DsWalbrzWyso-PM2.5-1g,2026-06-01 19:00:00,8.0,32600
DsWalbrzWyso-PM2.5-1g,2026-06-01 18:00:00,8.2,32600
DsWalbrzWyso-PM2.5-1g,2026-06-01 17:00:00,8.3,32600
DsWalbrzWyso-PM2.5-1g,2026-06-01 16:00:00,8.5,32600
DsWalbrzWyso-PM2.5-1g,2026-06-01 15:00:00,7.3,32600
DsWalbrzWyso-PM2.5-1g,2026-06-01 14:00:00,10.1,32600
DsWalbrzWyso-PM2.5-1g,2026-06-01 13:00:00,12.4,32600
DsWalbrzWyso-PM2.5-1g,2026-06-01 12:00:00,,32600
DsWalbrzWyso-PM2.5-1g,2026-06-01 11:00:00,13.2,32600
DsWalbrzWyso-PM2.5-1g,2026-06-01 10:00:00,10.2,32600
DsWalbrzWyso-PM2.5-1g,2026-06-01 09:00:00,9.7,32600
DsWalbrzWyso-PM2.5-1g,2026-06-01 08:00:00,8.0,32600
DsWalbrzWyso-PM2.5-1g,2026-06-01 07:00:00,7.8,32600
DsWalbrzWyso-PM2.5-1g,2026-06-01 06:00:00,9.3,32600
DsWalbrzWyso-PM2.5-1g,2026-06-01 05:00:00,10.0,32600
DsWalbrzWyso-PM2.5-1g,2026-06-01 04:00:00,9.6,32600
DsWalbrzWyso-PM2.5-1g,2026-06-01 03:00:00,10.6,32600
DsWalbrzWyso-PM2.5-1g,2026-06-01 02:00:00,12.0,32600
DsWalbrzWyso-PM2.5-1g,2026-06-01 01:00:00,12.0,32600
DsWalbrzWyso-PM2.5-1g,2026-06-01 00:00:00,9.2,32600
DsWrocBartni-NO-1g,2026-06-01 19:00:00,0.7,641
DsWrocBartni-NO-1g,2026-06-01 18:00:00,0.8,641
DsWrocBartni-NO-1g,2026-06-01 17:00:00,0.9,641
DsWrocBartni-NO-1g,2026-06-01 16:00:00,0.7,641
DsWrocBartni-NO-1g,2026-06-01 15:00:00,1.0,641
DsWrocBartni-NO-1g,2026-06-01 14:00:00,1.2,641
DsWrocBartni-NO-1g,2026-06-01 13:00:00,1.8,641
DsWrocBartni-NO-1g,2026-06-01 12:00:00,3.0,641
DsWrocBartni-NO-1g,2026-06-01 11:00:00,6.3,641
DsWrocBartni-NO-1g,2026-06-01 10:00:00,10.6,641
DsWrocBartni-NO-1g,2026-06-01 09:00:00,8.5,641
DsWrocBartni-NO-1g,2026-06-01 08:00:00,4.4,641
DsWrocBartni-NO-1g,2026-06-01 07:00:00,5.2,641
DsWrocBartni-NO-1g,2026-06-01 06:00:00,4.7,641
DsWrocBartni-NO-1g,2026-06-01 05:00:00,2.5,641
DsWrocBartni-NO-1g,2026-06-01 04:00:00,2.2,641
DsWrocBartni-NO-1g,2026-06-01 03:00:00,2.1,641
DsWrocBartni-NO-1g,2026-06-01 02:00:00,1.8,641
DsWrocBartni-NO-1g,2026-06-01 01:00:00,,641
DsWrocBartni-NO-1g,2026-06-01 00:00:00,1.6,641
DsWrocBartni-NO2-1g,2026-06-01 19:00:00,1.1,642
DsWrocBartni-NO2-1g,2026-06-01 18:00:00,1.5,642
DsWrocBartni-NO2-1g,2026-06-01 17:00:00,2.0,642
DsWrocBartni-NO2-1g,2026-06-01 16:00:00,1.7,642
DsWrocBartni-NO2-1g,2026-06-01 15:00:00,1.8,642
DsWrocBartni-NO2-1g,2026-06-01 14:00:00,3.6,642
DsWrocBartni-NO2-1g,2026-06-01 13:00:00,6.4,642
DsWrocBartni-NO2-1g,2026-06-01 12:00:00,4.5,642
DsWrocBartni-NO2-1g,2026-06-01 11:00:00,11.8,642
DsWrocBartni-NO2-1g,2026-06-01 10:00:00,22.5,642
DsWrocBartni-NO2-1g,2026-06-01 09:00:00,24.8,642
DsWrocBartni-NO2-1g,2026-06-01 08:00:00,16.5,642
DsWrocBartni-NO2-1g,2026-06-01 07:00:00,18.4,642
DsWrocBartni-NO2-1g,2026-06-01 06:00:00,17.5,642
DsWrocBartni-NO2-1g,2026-06-01 05:00:00,13.6,642
DsWrocBartni-NO2-1g,2026-06-01 04:00:00,9.6,642
DsWrocBartni-NO2-1g,2026-06-01 03:00:00,7.4,642
DsWrocBartni-NO2-1g,2026-06-01 02:00:00,5.5,642
DsWrocBartni-NO2-1g,2026-06-01 01:00:00,,642
DsWrocBartni-NO2-1g,2026-06-01 00:00:00,5.8,642
DsWrocBartni-NOx-1g,2026-06-01 19:00:00,2.2,643
DsWrocBartni-NOx-1g,2026-06-01 18:00:00,2.7,643
DsWrocBartni-NOx-1g,2026-06-01 17:00:00,3.4,643
DsWrocBartni-NOx-1g,2026-06-01 16:00:00,2.8,643
DsWrocBartni-NOx-1g,2026-06-01 15:00:00,3.3,643
DsWrocBartni-NOx-1g,2026-06-01 14:00:00,5.4,643
DsWrocBartni-NOx-1g,2026-06-01 13:00:00,9.2,643
DsWrocBartni-NOx-1g,2026-06-01 12:00:00,9.2,643
DsWrocBartni-NOx-1g,2026-06-01 11:00:00,21.5,643
DsWrocBartni-NOx-1g,2026-06-01 10:00:00,38.8,643
DsWrocBartni-NOx-1g,2026-06-01 09:00:00,37.8,643
DsWrocBartni-NOx-1g,2026-06-01 08:00:00,23.2,643
DsWrocBartni-NOx-1g,2026-06-01 07:00:00,26.3,643
DsWrocBartni-NOx-1g,2026-06-01 06:00:00,24.7,643
DsWrocBartni-NOx-1g,2026-06-01 05:00:00,17.4,643
DsWrocBartni-NOx-1g,2026-06-01 04:00:00,13.0,643
DsWrocBartni-NOx-1g,2026-06-01 03:00:00,10.6,643
DsWrocBartni-NOx-1g,2026-06-01 02:00:00,8.4,643
DsWrocBartni-NOx-1g,2026-06-01 01:00:00,,643
DsWrocBartni-NOx-1g,2026-06-01 00:00:00,8.3,643
DsWrocBartni-O3-1g,2026-06-01 19:00:00,96.7,644
DsWrocBartni-O3-1g,2026-06-01 18:00:00,95.2,644
DsWrocBartni-O3-1g,2026-06-01 17:00:00,88.4,644
DsWrocBartni-O3-1g,2026-06-01 16:00:00,88.3,644
DsWrocBartni-O3-1g,2026-06-01 15:00:00,91.0,644
DsWrocBartni-O3-1g,2026-06-01 14:00:00,85.7,644
DsWrocBartni-O3-1g,2026-06-01 13:00:00,76.6,644
DsWrocBartni-O3-1g,2026-06-01 12:00:00,77.0,644
DsWrocBartni-O3-1g,2026-06-01 11:00:00,53.7,644
DsWrocBartni-O3-1g,2026-06-01 10:00:00,31.3,644
DsWrocBartni-O3-1g,2026-06-01 09:00:00,22.7,644
DsWrocBartni-O3-1g,2026-06-01 08:00:00,26.2,644
DsWrocBartni-O3-1g,2026-06-01 07:00:00,19.6,644
DsWrocBartni-O3-1g,2026-06-01 06:00:00,15.8,644
DsWrocBartni-O3-1g,2026-06-01 05:00:00,21.4,644
DsWrocBartni-O3-1g,2026-06-01 04:00:00,29.4,644
DsWrocBartni-O3-1g,2026-06-01 03:00:00,37.1,644
DsWrocBartni-O3-1g,2026-06-01 02:00:00,,644
DsWrocBartni-O3-1g,2026-06-01 01:00:00,64.5,644
DsWrocBartni-O3-1g,2026-06-01 00:00:00,65.5,644
DsWrocWybCon-C6H6-1g,2026-06-01 19:00:00,0.32,658
DsWrocWybCon-C6H6-1g,2026-06-01 18:00:00,0.53,658
DsWrocWybCon-C6H6-1g,2026-06-01 17:00:00,0.4,658
DsWrocWybCon-C6H6-1g,2026-06-01 16:00:00,0.14,658
DsWrocWybCon-C6H6-1g,2026-06-01 15:00:00,0.07,658
DsWrocWybCon-C6H6-1g,2026-06-01 14:00:00,0.1,658
DsWrocWybCon-C6H6-1g,2026-06-01 13:00:00,0.11,658
DsWrocWybCon-C6H6-1g,2026-06-01 12:00:00,0.14,658
DsWrocWybCon-C6H6-1g,2026-06-01 11:00:00,0.18,658
DsWrocWybCon-C6H6-1g,2026-06-01 10:00:00,0.2,658
DsWrocWybCon-C6H6-1g,2026-06-01 09:00:00,0.23,658
DsWrocWybCon-C6H6-1g,2026-06-01 08:00:00,0.27,658
DsWrocWybCon-C6H6-1g,2026-06-01 07:00:00,0.17,658
DsWrocWybCon-C6H6-1g,2026-06-01 06:00:00,0.12,658
DsWrocWybCon-C6H6-1g,2026-06-01 05:00:00,0.13,658
DsWrocWybCon-C6H6-1g,2026-06-01 04:00:00,0.16,658
DsWrocWybCon-C6H6-1g,2026-06-01 03:00:00,0.13,658
DsWrocWybCon-C6H6-1g,2026-06-01 02:00:00,0.11,658
DsWrocWybCon-C6H6-1g,2026-06-01 01:00:00,0.11,658
DsWrocWybCon-C6H6-1g,2026-06-01 00:00:00,0.13,658
DsWrocWybCon-CO-1g,2026-06-01 19:00:00,170.0,660
DsWrocWybCon-CO-1g,2026-06-01 18:00:00,147.0,660
DsWrocWybCon-CO-1g,2026-06-01 17:00:00,816.0,660
DsWrocWybCon-CO-1g,2026-06-01 16:00:00,275.0,660
DsWrocWybCon-CO-1g,2026-06-01 15:00:00,181.0,660
DsWrocWybCon-CO-1g,2026-06-01 14:00:00,182.0,660
DsWrocWybCon-CO-1g,2026-06-01 13:00:00,219.0,660
DsWrocWybCon-CO-1g,2026-06-01 12:00:00,191.0,660
DsWrocWybCon-CO-1g,2026-06-01 11:00:00,254.0,660
DsWrocWybCon-CO-1g,2026-06-01 10:00:00,260.0,660
DsWrocWybCon-CO-1g,2026-06-01 09:00:00,305.0,660
DsWrocWybCon-CO-1g,2026-06-01 08:00:00,107.0,660
DsWrocWybCon-CO-1g,2026-06-01 07:00:00,256.0,660
DsWrocWybCon-CO-1g,2026-06-01 06:00:00,265.0,660
DsWrocWybCon-CO-1g,2026-06-01 05:00:00,237.0,660
DsWrocWybCon-CO-1g,2026-06-01 04:00:00,262.0,660
DsWrocWybCon-CO-1g,2026-06-01 03:00:00,237.0,660
DsWrocWybCon-CO-1g,2026-06-01 02:00:00,238.0,660
DsWrocWybCon-CO-1g,2026-06-01 01:00:00,232.0,660
DsWrocWybCon-CO-1g,2026-06-01 00:00:00,235.0,660
DsWrocWybCon-NO-1g,2026-06-01 19:00:00,0.8,664
DsWrocWybCon-NO-1g,2026-06-01 18:00:00,1.1,664
DsWrocWybCon-NO-1g,2026-06-01 17:00:00,3.1,664
DsWrocWybCon-NO-1g,2026-06-01 16:00:00,1.8,664
DsWrocWybCon-NO-1g,2026-06-01 15:00:00,1.6,664
DsWrocWybCon-NO-1g,2026-06-01 14:00:00,1.2,664
DsWrocWybCon-NO-1g,2026-06-01 13:00:00,1.2,664
DsWrocWybCon-NO-1g,2026-06-01 12:00:00,2.3,664
DsWrocWybCon-NO-1g,2026-06-01 11:00:00,4.2,664
DsWrocWybCon-NO-1g,2026-06-01 10:00:00,5.8,664
DsWrocWybCon-NO-1g,2026-06-01 09:00:00,8.6,664
DsWrocWybCon-NO-1g,2026-06-01 08:00:00,,664
DsWrocWybCon-NO-1g,2026-06-01 07:00:00,2.3,664
DsWrocWybCon-NO-1g,2026-06-01 06:00:00,6.6,664
DsWrocWybCon-NO-1g,2026-06-01 05:00:00,1.2,664
DsWrocWybCon-NO-1g,2026-06-01 04:00:00,0.6,664
DsWrocWybCon-NO-1g,2026-06-01 03:00:00,0.5,664
DsWrocWybCon-NO-1g,2026-06-01 02:00:00,0.3,664
DsWrocWybCon-NO-1g,2026-06-01 01:00:00,,664
DsWrocWybCon-NO-1g,2026-06-01 00:00:00,0.8,664
DsWrocWybCon-NO2-1g,2026-06-01 19:00:00,4.5,665
DsWrocWybCon-NO2-1g,2026-06-01 18:00:00,5.7,665
DsWrocWybCon-NO2-1g,2026-06-01 17:00:00,6.4,665
DsWrocWybCon-NO2-1g,2026-06-01 16:00:00,7.1,665
DsWrocWybCon-NO2-1g,2026-06-01 15:00:00,6.1,665
DsWrocWybCon-NO2-1g,2026-06-01 14:00:00,6.4,665
DsWrocWybCon-NO2-1g,2026-06-01 13:00:00,11.5,665
DsWrocWybCon-NO2-1g,2026-06-01 12:00:00,7.6,665
DsWrocWybCon-NO2-1g,2026-06-01 11:00:00,12.8,665
DsWrocWybCon-NO2-1g,2026-06-01 10:00:00,17.3,665
DsWrocWybCon-NO2-1g,2026-06-01 09:00:00,28.6,665
DsWrocWybCon-NO2-1g,2026-06-01 08:00:00,,665
DsWrocWybCon-NO2-1g,2026-06-01 07:00:00,28.9,665
DsWrocWybCon-NO2-1g,2026-06-01 06:00:00,30.1,665
DsWrocWybCon-NO2-1g,2026-06-01 05:00:00,16.6,665
DsWrocWybCon-NO2-1g,2026-06-01 04:00:00,13.7,665
DsWrocWybCon-NO2-1g,2026-06-01 03:00:00,8.9,665
DsWrocWybCon-NO2-1g,2026-06-01 02:00:00,6.2,665
DsWrocWybCon-NO2-1g,2026-06-01 01:00:00,,665
DsWrocWybCon-NO2-1g,2026-06-01 00:00:00,12.0,665
DsWrocWybCon-NOx-1g,2026-06-01 19:00:00,5.7,666
DsWrocWybCon-NOx-1g,2026-06-01 18:00:00,7.4,666
DsWrocWybCon-NOx-1g,2026-06-01 17:00:00,11.1,666
DsWrocWybCon-NOx-1g,2026-06-01 16:00:00,9.9,666
DsWrocWybCon-NOx-1g,2026-06-01 15:00:00,8.5,666
DsWrocWybCon-NOx-1g,2026-06-01 14:00:00,8.2,666
DsWrocWybCon-NOx-1g,2026-06-01 13:00:00,13.4,666
DsWrocWybCon-NOx-1g,2026-06-01 12:00:00,11.1,666
DsWrocWybCon-NOx-1g,2026-06-01 11:00:00,19.3,666
DsWrocWybCon-NOx-1g,2026-06-01 10:00:00,26.1,666
DsWrocWybCon-NOx-1g,2026-06-01 09:00:00,41.8,666
DsWrocWybCon-NOx-1g,2026-06-01 08:00:00,,666
DsWrocWybCon-NOx-1g,2026-06-01 07:00:00,32.4,666
DsWrocWybCon-NOx-1g,2026-06-01 06:00:00,40.2,666
DsWrocWybCon-NOx-1g,2026-06-01 05:00:00,18.3,666
DsWrocWybCon-NOx-1g,2026-06-01 04:00:00,14.7,666
DsWrocWybCon-NOx-1g,2026-06-01 03:00:00,9.5,666
DsWrocWybCon-NOx-1g,2026-06-01 02:00:00,6.8,666
DsWrocWybCon-NOx-1g,2026-06-01 01:00:00,,666
DsWrocWybCon-NOx-1g,2026-06-01 00:00:00,13.3,666
DsWrocWybCon-O3-1g,2026-06-01 19:00:00,95.3,667
DsWrocWybCon-O3-1g,2026-06-01 18:00:00,93.0,667
DsWrocWybCon-O3-1g,2026-06-01 17:00:00,84.0,667
DsWrocWybCon-O3-1g,2026-06-01 16:00:00,84.6,667
DsWrocWybCon-O3-1g,2026-06-01 15:00:00,86.1,667
DsWrocWybCon-O3-1g,2026-06-01 14:00:00,81.3,667
DsWrocWybCon-O3-1g,2026-06-01 13:00:00,67.4,667
DsWrocWybCon-O3-1g,2026-06-01 12:00:00,58.5,667
DsWrocWybCon-O3-1g,2026-06-01 11:00:00,39.8,667
DsWrocWybCon-O3-1g,2026-06-01 10:00:00,37.3,667
DsWrocWybCon-O3-1g,2026-06-01 09:00:00,22.7,667
DsWrocWybCon-O3-1g,2026-06-01 08:00:00,12.1,667
DsWrocWybCon-O3-1g,2026-06-01 07:00:00,27.4,667
DsWrocWybCon-O3-1g,2026-06-01 06:00:00,19.8,667
DsWrocWybCon-O3-1g,2026-06-01 05:00:00,33.7,667
DsWrocWybCon-O3-1g,2026-06-01 04:00:00,34.3,667
DsWrocWybCon-O3-1g,2026-06-01 03:00:00,48.0,667
DsWrocWybCon-O3-1g,2026-06-01 02:00:00,61.1,667
DsWrocWybCon-O3-1g,2026-06-01 01:00:00,73.3,667
DsWrocWybCon-O3-1g,2026-06-01 00:00:00,61.8,667
DsWrocWybCon-PM2.5-1g,2026-06-01 19:00:00,11.6,670
DsWrocWybCon-PM2.5-1g,2026-06-01 18:00:00,10.9,670
DsWrocWybCon-PM2.5-1g,2026-06-01 17:00:00,14.3,670
DsWrocWybCon-PM2.5-1g,2026-06-01 16:00:00,15.5,670
DsWrocWybCon-PM2.5-1g,2026-06-01 15:00:00,15.3,670
DsWrocWybCon-PM2.5-1g,2026-06-01 14:00:00,16.1,670
DsWrocWybCon-PM2.5-1g,2026-06-01 13:00:00,18.7,670
DsWrocWybCon-PM2.5-1g,2026-06-01 12:00:00,17.2,670
DsWrocWybCon-PM2.5-1g,2026-06-01 11:00:00,21.2,670
DsWrocWybCon-PM2.5-1g,2026-06-01 10:00:00,22.1,670
DsWrocWybCon-PM2.5-1g,2026-06-01 09:00:00,21.7,670
DsWrocWybCon-PM2.5-1g,2026-06-01 08:00:00,19.8,670
DsWrocWybCon-PM2.5-1g,2026-06-01 07:00:00,19.5,670
DsWrocWybCon-PM2.5-1g,2026-06-01 06:00:00,19.1,670
DsWrocWybCon-PM2.5-1g,2026-06-01 05:00:00,20.3,670
DsWrocWybCon-PM2.5-1g,2026-06-01 04:00:00,17.6,670
DsWrocWybCon-PM2.5-1g,2026-06-01 03:00:00,15.0,670
DsWrocWybCon-PM2.5-1g,2026-06-01 02:00:00,14.3,670
DsWrocWybCon-PM2.5-1g,2026-06-01 01:00:00,14.1,670
DsWrocWybCon-PM2.5-1g,2026-06-01 00:00:00,14.3,670
DsWrocWybCon-SO2-1g,2026-06-01 19:00:00,10.7,672
DsWrocWybCon-SO2-1g,2026-06-01 18:00:00,10.2,672
DsWrocWybCon-SO2-1g,2026-06-01 17:00:00,10.1,672
DsWrocWybCon-SO2-1g,2026-06-01 16:00:00,10.9,672
DsWrocWybCon-SO2-1g,2026-06-01 15:00:00,10.2,672
DsWrocWybCon-SO2-1g,2026-06-01 14:00:00,9.0,672
DsWrocWybCon-SO2-1g,2026-06-01 13:00:00,8.1,672
DsWrocWybCon-SO2-1g,2026-06-01 12:00:00,7.7,672
DsWrocWybCon-SO2-1g,2026-06-01 11:00:00,8.6,672
DsWrocWybCon-SO2-1g,2026-06-01 10:00:00,5.4,672
DsWrocWybCon-SO2-1g,2026-06-01 09:00:00,,672
DsWrocWybCon-SO2-1g,2026-06-01 08:00:00,7.2,672
DsWrocWybCon-SO2-1g,2026-06-01 07:00:00,7.8,672
DsWrocWybCon-SO2-1g,2026-06-01 06:00:00,8.5,672
DsWrocWybCon-SO2-1g,2026-06-01 05:00:00,8.5,672
DsWrocWybCon-SO2-1g,2026-06-01 04:00:00,8.3,672
DsWrocWybCon-SO2-1g,2026-06-01 03:00:00,8.4,672
DsWrocWybCon-SO2-1g,2026-06-01 02:00:00,9.2,672
DsWrocWybCon-SO2-1g,2026-06-01 01:00:00,8.0,672
DsWrocWybCon-SO2-1g,2026-06-01 00:00:00,,672
DsWrocAlWisn-CO-1g,2026-06-01 19:00:00,391.0,737
DsWrocAlWisn-CO-1g,2026-06-01 18:00:00,364.0,737
DsWrocAlWisn-CO-1g,2026-06-01 17:00:00,369.0,737
DsWrocAlWisn-CO-1g,2026-06-01 16:00:00,413.0,737
DsWrocAlWisn-CO-1g,2026-06-01 15:00:00,426.0,737
DsWrocAlWisn-CO-1g,2026-06-01 14:00:00,402.0,737
DsWrocAlWisn-CO-1g,2026-06-01 13:00:00,428.0,737
DsWrocAlWisn-CO-1g,2026-06-01 12:00:00,417.0,737
DsWrocAlWisn-CO-1g,2026-06-01 11:00:00,430.0,737
DsWrocAlWisn-CO-1g,2026-06-01 10:00:00,495.0,737
DsWrocAlWisn-CO-1g,2026-06-01 09:00:00,603.0,737
DsWrocAlWisn-CO-1g,2026-06-01 08:00:00,610.0,737
DsWrocAlWisn-CO-1g,2026-06-01 07:00:00,565.0,737
DsWrocAlWisn-CO-1g,2026-06-01 06:00:00,513.0,737
DsWrocAlWisn-CO-1g,2026-06-01 05:00:00,397.0,737
DsWrocAlWisn-CO-1g,2026-06-01 04:00:00,366.0,737
DsWrocAlWisn-CO-1g,2026-06-01 03:00:00,361.0,737
DsWrocAlWisn-CO-1g,2026-06-01 02:00:00,440.0,737
DsWrocAlWisn-CO-1g,2026-06-01 01:00:00,7759.0,737
DsWrocAlWisn-CO-1g,2026-06-01 00:00:00,398.0,737
DsWrocAlWisn-NO-1g,2026-06-01 19:00:00,18.7,739
DsWrocAlWisn-NO-1g,2026-06-01 18:00:00,15.4,739
DsWrocAlWisn-NO-1g,2026-06-01 17:00:00,16.8,739
DsWrocAlWisn-NO-1g,2026-06-01 16:00:00,17.6,739
DsWrocAlWisn-NO-1g,2026-06-01 15:00:00,19.9,739
DsWrocAlWisn-NO-1g,2026-06-01 14:00:00,18.4,739
DsWrocAlWisn-NO-1g,2026-06-01 13:00:00,21.0,739
DsWrocAlWisn-NO-1g,2026-06-01 12:00:00,22.7,739
DsWrocAlWisn-NO-1g,2026-06-01 11:00:00,24.7,739
DsWrocAlWisn-NO-1g,2026-06-01 10:00:00,39.0,739
DsWrocAlWisn-NO-1g,2026-06-01 09:00:00,50.1,739
DsWrocAlWisn-NO-1g,2026-06-01 08:00:00,58.7,739
DsWrocAlWisn-NO-1g,2026-06-01 07:00:00,52.4,739
DsWrocAlWisn-NO-1g,2026-06-01 06:00:00,55.9,739
DsWrocAlWisn-NO-1g,2026-06-01 05:00:00,15.3,739
DsWrocAlWisn-NO-1g,2026-06-01 04:00:00,7.1,739
DsWrocAlWisn-NO-1g,2026-06-01 03:00:00,5.5,739
DsWrocAlWisn-NO-1g,2026-06-01 02:00:00,5.6,739
DsWrocAlWisn-NO-1g,2026-06-01 01:00:00,,739
DsWrocAlWisn-NO-1g,2026-06-01 00:00:00,6.5,739
DsWrocAlWisn-NO2-1g,2026-06-01 19:00:00,32.2,740
DsWrocAlWisn-NO2-1g,2026-06-01 18:00:00,31.0,740
DsWrocAlWisn-NO2-1g,2026-06-01 17:00:00,25.3,740
DsWrocAlWisn-NO2-1g,2026-06-01 16:00:00,28.7,740
DsWrocAlWisn-NO2-1g,2026-06-01 15:00:00,29.5,740
DsWrocAlWisn-NO2-1g,2026-06-01 14:00:00,25.3,740
DsWrocAlWisn-NO2-1g,2026-06-01 13:00:00,34.5,740
DsWrocAlWisn-NO2-1g,2026-06-01 12:00:00,28.2,740
DsWrocAlWisn-NO2-1g,2026-06-01 11:00:00,26.4,740
DsWrocAlWisn-NO2-1g,2026-06-01 10:00:00,34.7,740
DsWrocAlWisn-NO2-1g,2026-06-01 09:00:00,44.4,740
DsWrocAlWisn-NO2-1g,2026-06-01 08:00:00,58.2,740
DsWrocAlWisn-NO2-1g,2026-06-01 07:00:00,50.2,740
DsWrocAlWisn-NO2-1g,2026-06-01 06:00:00,56.1,740
DsWrocAlWisn-NO2-1g,2026-06-01 05:00:00,28.5,740
DsWrocAlWisn-NO2-1g,2026-06-01 04:00:00,23.5,740
DsWrocAlWisn-NO2-1g,2026-06-01 03:00:00,13.9,740
DsWrocAlWisn-NO2-1g,2026-06-01 02:00:00,13.2,740
DsWrocAlWisn-NO2-1g,2026-06-01 01:00:00,,740
DsWrocAlWisn-NO2-1g,2026-06-01 00:00:00,21.6,740
DsWrocAlWisn-NOx-1g,2026-06-01 19:00:00,60.8,741
DsWrocAlWisn-NOx-1g,2026-06-01 18:00:00,54.6,741
DsWrocAlWisn-NOx-1g,2026-06-01 17:00:00,51.0,741
DsWrocAlWisn-NOx-1g,2026-06-01 16:00:00,55.7,741
DsWrocAlWisn-NOx-1g,2026-06-01 15:00:00,60.0,741
DsWrocAlWisn-NOx-1g,2026-06-01 14:00:00,53.5,741
DsWrocAlWisn-NOx-1g,2026-06-01 13:00:00,66.7,741
DsWrocAlWisn-NOx-1g,2026-06-01 12:00:00,63.0,741
DsWrocAlWisn-NOx-1g,2026-06-01 11:00:00,64.3,741
DsWrocAlWisn-NOx-1g,2026-06-01 10:00:00,94.6,741
DsWrocAlWisn-NOx-1g,2026-06-01 09:00:00,121.2,741
DsWrocAlWisn-NOx-1g,2026-06-01 08:00:00,148.2,741
DsWrocAlWisn-NOx-1g,2026-06-01 07:00:00,130.4,741
DsWrocAlWisn-NOx-1g,2026-06-01 06:00:00,141.7,741
DsWrocAlWisn-NOx-1g,2026-06-01 05:00:00,52.1,741
DsWrocAlWisn-NOx-1g,2026-06-01 04:00:00,34.3,741
DsWrocAlWisn-NOx-1g,2026-06-01 03:00:00,22.3,741
DsWrocAlWisn-NOx-1g,2026-06-01 02:00:00,21.8,741
DsWrocAlWisn-NOx-1g,2026-06-01 01:00:00,,741
DsWrocAlWisn-NOx-1g,2026-06-01 00:00:00,31.9,741
DsWrocAlWisn-PM2.5-1g,2026-06-01 19:00:00,,744
DsWrocAlWisn-PM2.5-1g,2026-06-01 18:00:00,12.9,744
DsWrocAlWisn-PM2.5-1g,2026-06-01 17:00:00,8.0,744
DsWrocAlWisn-PM2.5-1g,2026-06-01 16:00:00,16.2,744
DsWrocAlWisn-PM2.5-1g,2026-06-01 15:00:00,13.0,744
DsWrocAlWisn-PM2.5-1g,2026-06-01 14:00:00,17.9,744
DsWrocAlWisn-PM2.5-1g,2026-06-01 13:00:00,13.7,744
DsWrocAlWisn-PM2.5-1g,2026-06-01 12:00:00,16.0,744
DsWrocAlWisn-PM2.5-1g,2026-06-01 11:00:00,15.4,744
DsWrocAlWisn-PM2.5-1g,2026-06-01 10:00:00,21.1,744
DsWrocAlWisn-PM2.5-1g,2026-06-01 09:00:00,18.8,744
DsWrocAlWisn-PM2.5-1g,2026-06-01 08:00:00,21.6,744
DsWrocAlWisn-PM2.5-1g,2026-06-01 07:00:00,19.6,744
DsWrocAlWisn-PM2.5-1g,2026-06-01 06:00:00,17.5,744
DsWrocAlWisn-PM2.5-1g,2026-06-01 05:00:00,20.4,744
DsWrocAlWisn-PM2.5-1g,2026-06-01 04:00:00,15.5,744
DsWrocAlWisn-PM2.5-1g,2026-06-01 03:00:00,12.3,744
DsWrocAlWisn-PM2.5-1g,2026-06-01 02:00:00,19.3,744
DsWrocAlWisn-PM2.5-1g,2026-06-01 01:00:00,11.8,744
DsWrocAlWisn-PM2.5-1g,2026-06-01 00:00:00,14.7,744
KpGrudPilsud-NO-1g,2026-06-01 19:00:00,8.8,808
KpGrudPilsud-NO-1g,2026-06-01 18:00:00,11.3,808
KpGrudPilsud-NO-1g,2026-06-01 17:00:00,15.3,808
KpGrudPilsud-NO-1g,2026-06-01 16:00:00,14.1,808
KpGrudPilsud-NO-1g,2026-06-01 15:00:00,3.5,808
KpGrudPilsud-NO-1g,2026-06-01 14:00:00,5.5,808
KpGrudPilsud-NO-1g,2026-06-01 13:00:00,9.4,808
KpGrudPilsud-NO-1g,2026-06-01 12:00:00,13.6,808
KpGrudPilsud-NO-1g,2026-06-01 11:00:00,5.1,808
KpGrudPilsud-NO-1g,2026-06-01 10:00:00,9.6,808
KpGrudPilsud-NO-1g,2026-06-01 09:00:00,6.7,808
KpGrudPilsud-NO-1g,2026-06-01 08:00:00,8.6,808
KpGrudPilsud-NO-1g,2026-06-01 07:00:00,13.4,808
KpGrudPilsud-NO-1g,2026-06-01 06:00:00,1.0,808
KpGrudPilsud-NO-1g,2026-06-01 05:00:00,2.0,808
KpGrudPilsud-NO-1g,2026-06-01 04:00:00,1.0,808
KpGrudPilsud-NO-1g,2026-06-01 03:00:00,0.5,808
KpGrudPilsud-NO-1g,2026-06-01 02:00:00,1.4,808
KpGrudPilsud-NO-1g,2026-06-01 01:00:00,1.3,808
KpGrudPilsud-NO-1g,2026-06-01 00:00:00,1.4,808
KpGrudPilsud-NO2-1g,2026-06-01 19:00:00,18.7,809
KpGrudPilsud-NO2-1g,2026-06-01 18:00:00,21.8,809
KpGrudPilsud-NO2-1g,2026-06-01 17:00:00,22.9,809
KpGrudPilsud-NO2-1g,2026-06-01 16:00:00,20.9,809
KpGrudPilsud-NO2-1g,2026-06-01 15:00:00,9.4,809
KpGrudPilsud-NO2-1g,2026-06-01 14:00:00,11.2,809
KpGrudPilsud-NO2-1g,2026-06-01 13:00:00,14.2,809
KpGrudPilsud-NO2-1g,2026-06-01 12:00:00,16.1,809
KpGrudPilsud-NO2-1g,2026-06-01 11:00:00,8.9,809
KpGrudPilsud-NO2-1g,2026-06-01 10:00:00,13.6,809
KpGrudPilsud-NO2-1g,2026-06-01 09:00:00,12.3,809
KpGrudPilsud-NO2-1g,2026-06-01 08:00:00,13.4,809
KpGrudPilsud-NO2-1g,2026-06-01 07:00:00,17.9,809
KpGrudPilsud-NO2-1g,2026-06-01 06:00:00,6.3,809
KpGrudPilsud-NO2-1g,2026-06-01 05:00:00,7.8,809
KpGrudPilsud-NO2-1g,2026-06-01 04:00:00,5.4,809
KpGrudPilsud-NO2-1g,2026-06-01 03:00:00,3.1,809
KpGrudPilsud-NO2-1g,2026-06-01 02:00:00,3.8,809
KpGrudPilsud-NO2-1g,2026-06-01 01:00:00,3.2,809
KpGrudPilsud-NO2-1g,2026-06-01 00:00:00,3.4,809
KpGrudPilsud-NOx-1g,2026-06-01 19:00:00,32.1,810
KpGrudPilsud-NOx-1g,2026-06-01 18:00:00,39.1,810
KpGrudPilsud-NOx-1g,2026-06-01 17:00:00,46.3,810
KpGrudPilsud-NOx-1g,2026-06-01 16:00:00,42.6,810
KpGrudPilsud-NOx-1g,2026-06-01 15:00:00,14.8,810
KpGrudPilsud-NOx-1g,2026-06-01 14:00:00,19.6,810
KpGrudPilsud-NOx-1g,2026-06-01 13:00:00,28.7,810
KpGrudPilsud-NOx-1g,2026-06-01 12:00:00,37.0,810
KpGrudPilsud-NOx-1g,2026-06-01 11:00:00,16.7,810
KpGrudPilsud-NOx-1g,2026-06-01 10:00:00,28.3,810
KpGrudPilsud-NOx-1g,2026-06-01 09:00:00,22.6,810
KpGrudPilsud-NOx-1g,2026-06-01 08:00:00,26.7,810
KpGrudPilsud-NOx-1g,2026-06-01 07:00:00,38.4,810
KpGrudPilsud-NOx-1g,2026-06-01 06:00:00,7.9,810
KpGrudPilsud-NOx-1g,2026-06-01 05:00:00,10.8,810
KpGrudPilsud-NOx-1g,2026-06-01 04:00:00,7.0,810
KpGrudPilsud-NOx-1g,2026-06-01 03:00:00,4.0,810
KpGrudPilsud-NOx-1g,2026-06-01 02:00:00,5.9,810
KpGrudPilsud-NOx-1g,2026-06-01 01:00:00,5.2,810
KpGrudPilsud-NOx-1g,2026-06-01 00:00:00,5.6,810
KpGrudPilsud-PM10-1g,2026-06-01 19:00:00,20.1,812
KpGrudPilsud-PM10-1g,2026-06-01 18:00:00,29.9,812
KpGrudPilsud-PM10-1g,2026-06-01 17:00:00,21.6,812
KpGrudPilsud-PM10-1g,2026-06-01 16:00:00,20.6,812
KpGrudPilsud-PM10-1g,2026-06-01 15:00:00,21.8,812
KpGrudPilsud-PM10-1g,2026-06-01 14:00:00,23.6,812
KpGrudPilsud-PM10-1g,2026-06-01 13:00:00,24.8,812
KpGrudPilsud-PM10-1g,2026-06-01 12:00:00,22.6,812
KpGrudPilsud-PM10-1g,2026-06-01 11:00:00,29.2,812
KpGrudPilsud-PM10-1g,2026-06-01 10:00:00,27.8,812
KpGrudPilsud-PM10-1g,2026-06-01 09:00:00,31.0,812
KpGrudPilsud-PM10-1g,2026-06-01 08:00:00,22.5,812
KpGrudPilsud-PM10-1g,2026-06-01 07:00:00,14.4,812
KpGrudPilsud-PM10-1g,2026-06-01 06:00:00,13.8,812
KpGrudPilsud-PM10-1g,2026-06-01 05:00:00,17.2,812
KpGrudPilsud-PM10-1g,2026-06-01 04:00:00,11.7,812
KpGrudPilsud-PM10-1g,2026-06-01 03:00:00,14.0,812
KpGrudPilsud-PM10-1g,2026-06-01 02:00:00,16.6,812
KpGrudPilsud-PM10-1g,2026-06-01 01:00:00,13.0,812
KpGrudPilsud-PM10-1g,2026-06-01 00:00:00,12.0,812
KpInowSolank-PM10-1g,2026-06-01 19:00:00,7.7,828
KpInowSolank-PM10-1g,2026-06-01 18:00:00,10.1,828
KpInowSolank-PM10-1g,2026-06-01 17:00:00,14.8,828
KpInowSolank-PM10-1g,2026-06-01 16:00:00,12.5,828
KpInowSolank-PM10-1g,2026-06-01 15:00:00,6.2,828
KpInowSolank-PM10-1g,2026-06-01 14:00:00,4.7,828
KpInowSolank-PM10-1g,2026-06-01 13:00:00,4.0,828
KpInowSolank-PM10-1g,2026-06-01 12:00:00,4.1,828
KpInowSolank-PM10-1g,2026-06-01 11:00:00,4.1,828
KpInowSolank-PM10-1g,2026-06-01 10:00:00,4.7,828
KpInowSolank-PM10-1g,2026-06-01 09:00:00,4.9,828
KpInowSolank-PM10-1g,2026-06-01 08:00:00,5.1,828
KpInowSolank-PM10-1g,2026-06-01 07:00:00,6.1,828
KpInowSolank-PM10-1g,2026-06-01 06:00:00,7.8,828
KpInowSolank-PM10-1g,2026-06-01 05:00:00,7.6,828
KpInowSolank-PM10-1g,2026-06-01 04:00:00,7.8,828
KpInowSolank-PM10-1g,2026-06-01 03:00:00,6.4,828
KpInowSolank-PM10-1g,2026-06-01 02:00:00,5.4,828
KpInowSolank-PM10-1g,2026-06-01 01:00:00,4.4,828
KpInowSolank-PM10-1g,2026-06-01 00:00:00,4.5,828
KpToruWSikor-PM10-1g,2026-06-01 19:00:00,18.2,853
KpToruWSikor-PM10-1g,2026-06-01 18:00:00,21.0,853
KpToruWSikor-PM10-1g,2026-06-01 17:00:00,23.3,853
KpToruWSikor-PM10-1g,2026-06-01 16:00:00,25.4,853
KpToruWSikor-PM10-1g,2026-06-01 15:00:00,14.8,853
KpToruWSikor-PM10-1g,2026-06-01 14:00:00,5.2,853
KpToruWSikor-PM10-1g,2026-06-01 13:00:00,3.2,853
KpToruWSikor-PM10-1g,2026-06-01 12:00:00,2.8,853
KpToruWSikor-PM10-1g,2026-06-01 11:00:00,2.3,853
KpToruWSikor-PM10-1g,2026-06-01 10:00:00,2.5,853
KpToruWSikor-PM10-1g,2026-06-01 09:00:00,2.2,853
KpToruWSikor-PM10-1g,2026-06-01 08:00:00,3.0,853
KpToruWSikor-PM10-1g,2026-06-01 07:00:00,3.4,853
KpToruWSikor-PM10-1g,2026-06-01 06:00:00,3.5,853
KpToruWSikor-PM10-1g,2026-06-01 05:00:00,3.9,853
KpToruWSikor-PM10-1g,2026-06-01 04:00:00,4.4,853
KpToruWSikor-PM10-1g,2026-06-01 03:00:00,4.7,853
KpToruWSikor-PM10-1g,2026-06-01 02:00:00,5.2,853
KpToruWSikor-PM10-1g,2026-06-01 01:00:00,5.3,853
KpToruWSikor-PM10-1g,2026-06-01 00:00:00,4.6,853
